{
	"id": "tms-backend-env",
	"name": "TMS Backend Environment",
	"values": [
		{
			"key": "baseUrl",
			"value": "http://localhost:5000",
			"type": "default",
			"enabled": true
		},
		{
			"key": "userId",
			"value": "",
			"type": "default",
			"enabled": true,
			"description": "Set automatically after login"
		},
		{
			"key": "userRole",
			"value": "",
			"type": "default",
			"enabled": true,
			"description": "Set automatically after login (Admin, Agent, Finance)"
		},
		{
			"key": "agentId",
			"value": "",
			"type": "default",
			"enabled": true,
			"description": "Agent ID for testing - set manually or from login"
		},
		{
			"key": "branchId",
			"value": "",
			"type": "default",
			"enabled": true,
			"description": "Branch ID for testing - get from GET /api/branches"
		},
		{
			"key": "tripId",
			"value": "",
			"type": "default",
			"enabled": true,
			"description": "Trip ID for testing - get from GET /api/trips"
		}
	],
	"_postman_variable_scope": "environment"
}
